Workbook

Sheet Summary
A1: Price Schedule Summary
A2: Supplier names can be edited here (column B) - they flow into 'Standardized Lines'. Totals are formulas over the Standardized Lines sheet.
A3: Tax method for 'calculated' unit price: | B3: NBT first then VAT | C3: Used only to cross-check quoted prices and when a quote shows no tax-inclusive price. 'NBT first then VAT' = price x (1+NBT) x (1+VAT) x (1+other); 'Sum of rates' = price x (1+(VAT+NBT+other)). Choose the method that matches the tender conditions.
A4: File | B4: Supplier (editable) | C4: Tender No | D4: Read by | E4: Pages | F4: Item lines | G4: Total - Local (A) | H4: Total - Foreign (B, CIF/CIP) | I4: Total - Other | J4: Total rows printed in document | K4: Lines flagged CHECK | L4: Low-confidence OCR cells | M4: Notes
A5: price_filled.docx | B5: price_filled | C5: SCMD/RSS/2026/014 | D5: Word table | E5: 1 | F5: =COUNTIFS('Standardized Lines'!$A$5:$A$2000,$A5,'Standardized Lines'!$AA$5:$AA$2000,"Item") | G5: =SUMIFS('Standardized Lines'!$W$5:$W$2000,'Standardized Lines'!$A$5:$A$2000,$A5,'Standardized Lines'!$C$5:$C$2000,"A Local",'Standardized Lines'!$AA$5:$AA$2000,"Item") | H5: =SUMIFS('Standardized Lines'!$W$5:$W$2000,'Standardized Lines'!$A$5:$A$2000,$A5,'Standardized Lines'!$C$5:$C$2000,"B Foreign",'Standardized Lines'!$AA$5:$AA$2000,"Item") | I5: =SUMIFS('Standardized Lines'!$W$5:$W$2000,'Standardized Lines'!$A$5:$A$2000,$A5,'Standardized Lines'!$C$5:$C$2000,"Other",'Standardized Lines'!$AA$5:$AA$2000,"Item") | J5: A: 14,021,796.00 LKR | K5: =COUNTIFS('Standardized Lines'!$A$5:$A$2000,$A5,'Standardized Lines'!$Y$5:$Y$2000,"CHECK*") | L5: 0 | M5: Supplier name not found in the document - the file name is used; please correct it in the Summary sheet.

Sheet Standardized Lines
A1: Standardized Lines - all price lines of all uploaded files (edit freely; formulas recalculate)
A2: Blue = typed/extracted number | Light-blue = formula | Orange = low-confidence OCR, please verify against the original | 'Check' compares quoted and calculated values (1 percent tolerance). Add rows below the last line - formulas look down to row 2000.
A4: File | B4: Supplier | C4: Part | D4: S/No | E4: Description | F4: Qty | G4: Unit | H4: Country of Origin | I4: Currency | J4: Unit Price (excl. taxes) | K4: VAT % | L4: NBT % | M4: Other taxes % | N4: Unit Price (incl. taxes) - as quoted | O4: Unit Price (incl. taxes) - calculated | P4: FOB/FCA Unit Price | Q4: FOB/FCA Total | R4: Insurance | S4: Freight | T4: CIF/CIP Total | U4: Agent's Commission | V4: Amount (as printed) | W4: LINE TOTAL (calculated) | X4: Total based on | Y4: Check | Z4: Remarks | AA4: Row type | AB4: Page | AC4: Read by
A5: price_filled.docx | B5: =IFERROR(INDEX(Summary!$B$5:$B$500,MATCH(A5,Summary!$A$5:$A$500,0)),A5) | C5: A Local | D5: 1 | E5: Supply, installation & commissioning of 60kVA online UPS including 3 year warranty | F5: 4 | I5: LKR | J5: 2450000 | K5: 18 | L5: 2 | N5: 2948820 | O5: =IF(AND(ISNUMBER(J5),OR(ISNUMBER(K5),ISNUMBER(L5),ISNUMBER(M5))),IF(Summary!$B$3="Sum of rates",J5*(1+(N(K5)+N(L5)+N(M5))/100),J5*(1+N(L5)/100)*(1+N(K5)/100)*(1+N(M5)/100)),"") | W5: =IF(AA5<>"Item","",IF(C5="B Foreign",IF(ISNUMBER(T5),T5,IF(ISNUMBER(V5),V5,"")),IF(AND(ISNUMBER(F5),ISNUMBER(N5)),F5*N5,IF(AND(ISNUMBER(F5),ISNUMBER(O5)),F5*O5,IF(AND(ISNUMBER(F5),ISNUMBER(J5)),F5*J5,IF(ISNUMBER(V5),V5,"")))))) | X5: =IF(W5="","",IF(C5="B Foreign",IF(ISNUMBER(T5),"CIF/CIP total (as quoted)","Amount as printed"),IF(AND(ISNUMBER(F5),ISNUMBER(N5)),"Qty x unit price incl. taxes (quoted)",IF(AND(ISNUMBER(F5),ISNUMBER(O5)),"Qty x unit price incl. taxes (calculated)",IF(AND(ISNUMBER(F5),ISNUMBER(J5)),"Qty x unit price (tax basis not stated)","Amount as printed"))))) | Y5: =IF(AA5="Total",IF(ISNUMBER(V5),IF(ABS(V5-SUMIFS($W$5:$W$2000,$A$5:$A$2000,A5,$C$5:$C$2000,C5,$AA$5:$AA$2000,"Item"))>0.01*ABS(V5)+0.5,"CHECK: printed total differs from sum of lines","OK"),""),IF(AA5<>"Item","",IF(AND(ISNUMBER(N5),ISNUMBER(O5),ABS(N(N5)-N(O5))>0.01*ABS(N(O5))),"CHECK: incl. price differs from excl. price + taxes",IF(OR(AND(J5<>"",NOT(ISNUMBER(J5))),AND(N5<>"",NOT(ISNUMBER(N5))),AND(P5<>"",NOT(ISNUMBER(P5))),AND(T5<>"",NOT(ISNUMBER(T5)))),"CHECK: price is not a number (e.g. Included / FOC)",IF(AND(OR(ISNUMBER(J5),ISNUMBER(N5),ISNUMBER(P5),ISNUMBER(T5)),NOT(ISNUMBER(F5))),"CHECK: quantity missing",IF(AND(ISNUMBER(P5),ISNUMBER(Q5),ISNUMBER(F5),ABS(N(Q5)-N(F5)*N(P5))>0.01*ABS(N(Q5))+0.5),"CHECK: FOB total differs from qty x FOB unit",IF(AND(ISNUMBER(T5),ISNUMBER(Q5),ABS(N(T5)-N(Q5)-N(R5)-N(S5))>0.01*ABS(N(T5))+0.5),"CHECK: CIF differs from FOB + insurance + freight",IF(AND(LEFT(X5,3)="Qty",ISNUMBER(V5),ABS(N(V5)-N(W5))>0.01*ABS(N(V5))+0.5),"CHECK: amount differs from qty x unit price",IF(ISNUMBER(W5),"OK",""))))))))) | AA5: Item | AB5: 1 | AC5: Word
A6: price_filled.docx | B6: =IFERROR(INDEX(Summary!$B$5:$B$500,MATCH(A6,Summary!$A$5:$A$500,0)),A6) | C6: A Local | D6: 2 | E6: Battery bank 12V 100Ah (set of 32 batteries) | F6: 2 | I6: LKR | J6: 850000 | K6: 18 | L6: 2 | M6: NIL | N6: 1022988 | O6: =IF(AND(ISNUMBER(J6),OR(ISNUMBER(K6),ISNUMBER(L6),ISNUMBER(M6))),IF(Summary!$B$3="Sum of rates",J6*(1+(N(K6)+N(L6)+N(M6))/100),J6*(1+N(L6)/100)*(1+N(K6)/100)*(1+N(M6)/100)),"") | W6: =IF(AA6<>"Item","",IF(C6="B Foreign",IF(ISNUMBER(T6),T6,IF(ISNUMBER(V6),V6,"")),IF(AND(ISNUMBER(F6),ISNUMBER(N6)),F6*N6,IF(AND(ISNUMBER(F6),ISNUMBER(O6)),F6*O6,IF(AND(ISNUMBER(F6),ISNUMBER(J6)),F6*J6,IF(ISNUMBER(V6),V6,"")))))) | X6: =IF(W6="","",IF(C6="B Foreign",IF(ISNUMBER(T6),"CIF/CIP total (as quoted)","Amount as printed"),IF(AND(ISNUMBER(F6),ISNUMBER(N6)),"Qty x unit price incl. taxes (quoted)",IF(AND(ISNUMBER(F6),ISNUMBER(O6)),"Qty x unit price incl. taxes (calculated)",IF(AND(ISNUMBER(F6),ISNUMBER(J6)),"Qty x unit price (tax basis not stated)","Amount as printed"))))) | Y6: =IF(AA6="Total",IF(ISNUMBER(V6),IF(ABS(V6-SUMIFS($W$5:$W$2000,$A$5:$A$2000,A6,$C$5:$C$2000,C6,$AA$5:$AA$2000,"Item"))>0.01*ABS(V6)+0.5,"CHECK: printed total differs from sum of lines","OK"),""),IF(AA6<>"Item","",IF(AND(ISNUMBER(N6),ISNUMBER(O6),ABS(N(N6)-N(O6))>0.01*ABS(N(O6))),"CHECK: incl. price differs from excl. price + taxes",IF(OR(AND(J6<>"",NOT(ISNUMBER(J6))),AND(N6<>"",NOT(ISNUMBER(N6))),AND(P6<>"",NOT(ISNUMBER(P6))),AND(T6<>"",NOT(ISNUMBER(T6)))),"CHECK: price is not a number (e.g. Included / FOC)",IF(AND(OR(ISNUMBER(J6),ISNUMBER(N6),ISNUMBER(P6),ISNUMBER(T6)),NOT(ISNUMBER(F6))),"CHECK: quantity missing",IF(AND(ISNUMBER(P6),ISNUMBER(Q6),ISNUMBER(F6),ABS(N(Q6)-N(F6)*N(P6))>0.01*ABS(N(Q6))+0.5),"CHECK: FOB total differs from qty x FOB unit",IF(AND(ISNUMBER(T6),ISNUMBER(Q6),ABS(N(T6)-N(Q6)-N(R6)-N(S6))>0.01*ABS(N(T6))+0.5),"CHECK: CIF differs from FOB + insurance + freight",IF(AND(LEFT(X6,3)="Qty",ISNUMBER(V6),ABS(N(V6)-N(W6))>0.01*ABS(N(V6))+0.5),"CHECK: amount differs from qty x unit price",IF(ISNUMBER(W6),"OK",""))))))))) | AA6: Item | AB6: 1 | AC6: Word
A7: price_filled.docx | B7: =IFERROR(INDEX(Summary!$B$5:$B$500,MATCH(A7,Summary!$A$5:$A$500,0)),A7) | C7: A Local | D7: 3 | E7: Installation and commissioning | F7: 1 | I7: LKR | J7: Included | N7: Included | O7: =IF(AND(ISNUMBER(J7),OR(ISNUMBER(K7),ISNUMBER(L7),ISNUMBER(M7))),IF(Summary!$B$3="Sum of rates",J7*(1+(N(K7)+N(L7)+N(M7))/100),J7*(1+N(L7)/100)*(1+N(K7)/100)*(1+N(M7)/100)),"") | W7: =IF(AA7<>"Item","",IF(C7="B Foreign",IF(ISNUMBER(T7),T7,IF(ISNUMBER(V7),V7,"")),IF(AND(ISNUMBER(F7),ISNUMBER(N7)),F7*N7,IF(AND(ISNUMBER(F7),ISNUMBER(O7)),F7*O7,IF(AND(ISNUMBER(F7),ISNUMBER(J7)),F7*J7,IF(ISNUMBER(V7),V7,"")))))) | X7: =IF(W7="","",IF(C7="B Foreign",IF(ISNUMBER(T7),"CIF/CIP total (as quoted)","Amount as printed"),IF(AND(ISNUMBER(F7),ISNUMBER(N7)),"Qty x unit price incl. taxes (quoted)",IF(AND(ISNUMBER(F7),ISNUMBER(O7)),"Qty x unit price incl. taxes (calculated)",IF(AND(ISNUMBER(F7),ISNUMBER(J7)),"Qty x unit price (tax basis not stated)","Amount as printed"))))) | Y7: =IF(AA7="Total",IF(ISNUMBER(V7),IF(ABS(V7-SUMIFS($W$5:$W$2000,$A$5:$A$2000,A7,$C$5:$C$2000,C7,$AA$5:$AA$2000,"Item"))>0.01*ABS(V7)+0.5,"CHECK: printed total differs from sum of lines","OK"),""),IF(AA7<>"Item","",IF(AND(ISNUMBER(N7),ISNUMBER(O7),ABS(N(N7)-N(O7))>0.01*ABS(N(O7))),"CHECK: incl. price differs from excl. price + taxes",IF(OR(AND(J7<>"",NOT(ISNUMBER(J7))),AND(N7<>"",NOT(ISNUMBER(N7))),AND(P7<>"",NOT(ISNUMBER(P7))),AND(T7<>"",NOT(ISNUMBER(T7)))),"CHECK: price is not a number (e.g. Included / FOC)",IF(AND(OR(ISNUMBER(J7),ISNUMBER(N7),ISNUMBER(P7),ISNUMBER(T7)),NOT(ISNUMBER(F7))),"CHECK: quantity missing",IF(AND(ISNUMBER(P7),ISNUMBER(Q7),ISNUMBER(F7),ABS(N(Q7)-N(F7)*N(P7))>0.01*ABS(N(Q7))+0.5),"CHECK: FOB total differs from qty x FOB unit",IF(AND(ISNUMBER(T7),ISNUMBER(Q7),ABS(N(T7)-N(Q7)-N(R7)-N(S7))>0.01*ABS(N(T7))+0.5),"CHECK: CIF differs from FOB + insurance + freight",IF(AND(LEFT(X7,3)="Qty",ISNUMBER(V7),ABS(N(V7)-N(W7))>0.01*ABS(N(V7))+0.5),"CHECK: amount differs from qty x unit price",IF(ISNUMBER(W7),"OK",""))))))))) | AA7: Item | AB7: 1 | AC7: Word
A8: price_filled.docx | B8: =IFERROR(INDEX(Summary!$B$5:$B$500,MATCH(A8,Summary!$A$5:$A$500,0)),A8) | C8: A Local | D8: 4 | E8: Training - 2 sessions | F8: 2 | G8: sessions | I8: LKR | J8: 75000 | K8: 18 | L8: 2 | N8: 90270 | O8: =IF(AND(ISNUMBER(J8),OR(ISNUMBER(K8),ISNUMBER(L8),ISNUMBER(M8))),IF(Summary!$B$3="Sum of rates",J8*(1+(N(K8)+N(L8)+N(M8))/100),J8*(1+N(L8)/100)*(1+N(K8)/100)*(1+N(M8)/100)),"") | W8: =IF(AA8<>"Item","",IF(C8="B Foreign",IF(ISNUMBER(T8),T8,IF(ISNUMBER(V8),V8,"")),IF(AND(ISNUMBER(F8),ISNUMBER(N8)),F8*N8,IF(AND(ISNUMBER(F8),ISNUMBER(O8)),F8*O8,IF(AND(ISNUMBER(F8),ISNUMBER(J8)),F8*J8,IF(ISNUMBER(V8),V8,"")))))) | X8: =IF(W8="","",IF(C8="B Foreign",IF(ISNUMBER(T8),"CIF/CIP total (as quoted)","Amount as printed"),IF(AND(ISNUMBER(F8),ISNUMBER(N8)),"Qty x unit price incl. taxes (quoted)",IF(AND(ISNUMBER(F8),ISNUMBER(O8)),"Qty x unit price incl. taxes (calculated)",IF(AND(ISNUMBER(F8),ISNUMBER(J8)),"Qty x unit price (tax basis not stated)","Amount as printed"))))) | Y8: =IF(AA8="Total",IF(ISNUMBER(V8),IF(ABS(V8-SUMIFS($W$5:$W$2000,$A$5:$A$2000,A8,$C$5:$C$2000,C8,$AA$5:$AA$2000,"Item"))>0.01*ABS(V8)+0.5,"CHECK: printed total differs from sum of lines","OK"),""),IF(AA8<>"Item","",IF(AND(ISNUMBER(N8),ISNUMBER(O8),ABS(N(N8)-N(O8))>0.01*ABS(N(O8))),"CHECK: incl. price differs from excl. price + taxes",IF(OR(AND(J8<>"",NOT(ISNUMBER(J8))),AND(N8<>"",NOT(ISNUMBER(N8))),AND(P8<>"",NOT(ISNUMBER(P8))),AND(T8<>"",NOT(ISNUMBER(T8)))),"CHECK: price is not a number (e.g. Included / FOC)",IF(AND(OR(ISNUMBER(J8),ISNUMBER(N8),ISNUMBER(P8),ISNUMBER(T8)),NOT(ISNUMBER(F8))),"CHECK: quantity missing",IF(AND(ISNUMBER(P8),ISNUMBER(Q8),ISNUMBER(F8),ABS(N(Q8)-N(F8)*N(P8))>0.01*ABS(N(Q8))+0.5),"CHECK: FOB total differs from qty x FOB unit",IF(AND(ISNUMBER(T8),ISNUMBER(Q8),ABS(N(T8)-N(Q8)-N(R8)-N(S8))>0.01*ABS(N(T8))+0.5),"CHECK: CIF differs from FOB + insurance + freight",IF(AND(LEFT(X8,3)="Qty",ISNUMBER(V8),ABS(N(V8)-N(W8))>0.01*ABS(N(V8))+0.5),"CHECK: amount differs from qty x unit price",IF(ISNUMBER(W8),"OK",""))))))))) | AA8: Item | AB8: 1 | AC8: Word
A9: price_filled.docx | B9: =IFERROR(INDEX(Summary!$B$5:$B$500,MATCH(A9,Summary!$A$5:$A$500,0)),A9) | C9: A Local | E9: Total | I9: LKR | O9: =IF(AND(ISNUMBER(J9),OR(ISNUMBER(K9),ISNUMBER(L9),ISNUMBER(M9))),IF(Summary!$B$3="Sum of rates",J9*(1+(N(K9)+N(L9)+N(M9))/100),J9*(1+N(L9)/100)*(1+N(K9)/100)*(1+N(M9)/100)),"") | V9: 14021796 | W9: =IF(AA9<>"Item","",IF(C9="B Foreign",IF(ISNUMBER(T9),T9,IF(ISNUMBER(V9),V9,"")),IF(AND(ISNUMBER(F9),ISNUMBER(N9)),F9*N9,IF(AND(ISNUMBER(F9),ISNUMBER(O9)),F9*O9,IF(AND(ISNUMBER(F9),ISNUMBER(J9)),F9*J9,IF(ISNUMBER(V9),V9,"")))))) | X9: =IF(W9="","",IF(C9="B Foreign",IF(ISNUMBER(T9),"CIF/CIP total (as quoted)","Amount as printed"),IF(AND(ISNUMBER(F9),ISNUMBER(N9)),"Qty x unit price incl. taxes (quoted)",IF(AND(ISNUMBER(F9),ISNUMBER(O9)),"Qty x unit price incl. taxes (calculated)",IF(AND(ISNUMBER(F9),ISNUMBER(J9)),"Qty x unit price (tax basis not stated)","Amount as printed"))))) | Y9: =IF(AA9="Total",IF(ISNUMBER(V9),IF(ABS(V9-SUMIFS($W$5:$W$2000,$A$5:$A$2000,A9,$C$5:$C$2000,C9,$AA$5:$AA$2000,"Item"))>0.01*ABS(V9)+0.5,"CHECK: printed total differs from sum of lines","OK"),""),IF(AA9<>"Item","",IF(AND(ISNUMBER(N9),ISNUMBER(O9),ABS(N(N9)-N(O9))>0.01*ABS(N(O9))),"CHECK: incl. price differs from excl. price + taxes",IF(OR(AND(J9<>"",NOT(ISNUMBER(J9))),AND(N9<>"",NOT(ISNUMBER(N9))),AND(P9<>"",NOT(ISNUMBER(P9))),AND(T9<>"",NOT(ISNUMBER(T9)))),"CHECK: price is not a number (e.g. Included / FOC)",IF(AND(OR(ISNUMBER(J9),ISNUMBER(N9),ISNUMBER(P9),ISNUMBER(T9)),NOT(ISNUMBER(F9))),"CHECK: quantity missing",IF(AND(ISNUMBER(P9),ISNUMBER(Q9),ISNUMBER(F9),ABS(N(Q9)-N(F9)*N(P9))>0.01*ABS(N(Q9))+0.5),"CHECK: FOB total differs from qty x FOB unit",IF(AND(ISNUMBER(T9),ISNUMBER(Q9),ABS(N(T9)-N(Q9)-N(R9)-N(S9))>0.01*ABS(N(T9))+0.5),"CHECK: CIF differs from FOB + insurance + freight",IF(AND(LEFT(X9,3)="Qty",ISNUMBER(V9),ABS(N(V9)-N(W9))>0.01*ABS(N(V9))+0.5),"CHECK: amount differs from qty x unit price",IF(ISNUMBER(W9),"OK",""))))))))) | AA9: Total | AB9: 1 | AC9: Word
A10: price_filled.docx | B10: =IFERROR(INDEX(Summary!$B$5:$B$500,MATCH(A10,Summary!$A$5:$A$500,0)),A10) | C10: B Foreign | D10: 1 | E10: Static transfer switch 100A Model STS-100 (Vertiv) | F10: 2 | H10: Germany | I10: USD | O10: =IF(AND(ISNUMBER(J10),OR(ISNUMBER(K10),ISNUMBER(L10),ISNUMBER(M10))),IF(Summary!$B$3="Sum of rates",J10*(1+(N(K10)+N(L10)+N(M10))/100),J10*(1+N(L10)/100)*(1+N(K10)/100)*(1+N(M10)/100)),"") | P10: 12500 | Q10: 25000 | R10: 450 | S10: 1100 | T10: 26550 | U10: 1300 | W10: =IF(AA10<>"Item","",IF(C10="B Foreign",IF(ISNUMBER(T10),T10,IF(ISNUMBER(V10),V10,"")),IF(AND(ISNUMBER(F10),ISNUMBER(N10)),F10*N10,IF(AND(ISNUMBER(F10),ISNUMBER(O10)),F10*O10,IF(AND(ISNUMBER(F10),ISNUMBER(J10)),F10*J10,IF(ISNUMBER(V10),V10,"")))))) | X10: =IF(W10="","",IF(C10="B Foreign",IF(ISNUMBER(T10),"CIF/CIP total (as quoted)","Amount as printed"),IF(AND(ISNUMBER(F10),ISNUMBER(N10)),"Qty x unit price incl. taxes (quoted)",IF(AND(ISNUMBER(F10),ISNUMBER(O10)),"Qty x unit price incl. taxes (calculated)",IF(AND(ISNUMBER(F10),ISNUMBER(J10)),"Qty x unit price (tax basis not stated)","Amount as printed"))))) | Y10: =IF(AA10="Total",IF(ISNUMBER(V10),IF(ABS(V10-SUMIFS($W$5:$W$2000,$A$5:$A$2000,A10,$C$5:$C$2000,C10,$AA$5:$AA$2000,"Item"))>0.01*ABS(V10)+0.5,"CHECK: printed total differs from sum of lines","OK"),""),IF(AA10<>"Item","",IF(AND(ISNUMBER(N10),ISNUMBER(O10),ABS(N(N10)-N(O10))>0.01*ABS(N(O10))),"CHECK: incl. price differs from excl. price + taxes",IF(OR(AND(J10<>"",NOT(ISNUMBER(J10))),AND(N10<>"",NOT(ISNUMBER(N10))),AND(P10<>"",NOT(ISNUMBER(P10))),AND(T10<>"",NOT(ISNUMBER(T10)))),"CHECK: price is not a number (e.g. Included / FOC)",IF(AND(OR(ISNUMBER(J10),ISNUMBER(N10),ISNUMBER(P10),ISNUMBER(T10)),NOT(ISNUMBER(F10))),"CHECK: quantity missing",IF(AND(ISNUMBER(P10),ISNUMBER(Q10),ISNUMBER(F10),ABS(N(Q10)-N(F10)*N(P10))>0.01*ABS(N(Q10))+0.5),"CHECK: FOB total differs from qty x FOB unit",IF(AND(ISNUMBER(T10),ISNUMBER(Q10),ABS(N(T10)-N(Q10)-N(R10)-N(S10))>0.01*ABS(N(T10))+0.5),"CHECK: CIF differs from FOB + insurance + freight",IF(AND(LEFT(X10,3)="Qty",ISNUMBER(V10),ABS(N(V10)-N(W10))>0.01*ABS(N(V10))+0.5),"CHECK: amount differs from qty x unit price",IF(ISNUMBER(W10),"OK",""))))))))) | AA10: Item | AB10: 1 | AC10: Word
A11: price_filled.docx | B11: =IFERROR(INDEX(Summary!$B$5:$B$500,MATCH(A11,Summary!$A$5:$A$500,0)),A11) | C11: B Foreign | D11: 2 | E11: Spare parts kit - fans & capacitors | F11: 1 | H11: India | I11: USD | O11: =IF(AND(ISNUMBER(J11),OR(ISNUMBER(K11),ISNUMBER(L11),ISNUMBER(M11))),IF(Summary!$B$3="Sum of rates",J11*(1+(N(K11)+N(L11)+N(M11))/100),J11*(1+N(L11)/100)*(1+N(K11)/100)*(1+N(M11)/100)),"") | P11: 3200 | Q11: 3200 | R11: 60 | S11: 240 | T11: 3500 | U11: 150 | W11: =IF(AA11<>"Item","",IF(C11="B Foreign",IF(ISNUMBER(T11),T11,IF(ISNUMBER(V11),V11,"")),IF(AND(ISNUMBER(F11),ISNUMBER(N11)),F11*N11,IF(AND(ISNUMBER(F11),ISNUMBER(O11)),F11*O11,IF(AND(ISNUMBER(F11),ISNUMBER(J11)),F11*J11,IF(ISNUMBER(V11),V11,"")))))) | X11: =IF(W11="","",IF(C11="B Foreign",IF(ISNUMBER(T11),"CIF/CIP total (as quoted)","Amount as printed"),IF(AND(ISNUMBER(F11),ISNUMBER(N11)),"Qty x unit price incl. taxes (quoted)",IF(AND(ISNUMBER(F11),ISNUMBER(O11)),"Qty x unit price incl. taxes (calculated)",IF(AND(ISNUMBER(F11),ISNUMBER(J11)),"Qty x unit price (tax basis not stated)","Amount as printed"))))) | Y11: =IF(AA11="Total",IF(ISNUMBER(V11),IF(ABS(V11-SUMIFS($W$5:$W$2000,$A$5:$A$2000,A11,$C$5:$C$2000,C11,$AA$5:$AA$2000,"Item"))>0.01*ABS(V11)+0.5,"CHECK: printed total differs from sum of lines","OK"),""),IF(AA11<>"Item","",IF(AND(ISNUMBER(N11),ISNUMBER(O11),ABS(N(N11)-N(O11))>0.01*ABS(N(O11))),"CHECK: incl. price differs from excl. price + taxes",IF(OR(AND(J11<>"",NOT(ISNUMBER(J11))),AND(N11<>"",NOT(ISNUMBER(N11))),AND(P11<>"",NOT(ISNUMBER(P11))),AND(T11<>"",NOT(ISNUMBER(T11)))),"CHECK: price is not a number (e.g. Included / FOC)",IF(AND(OR(ISNUMBER(J11),ISNUMBER(N11),ISNUMBER(P11),ISNUMBER(T11)),NOT(ISNUMBER(F11))),"CHECK: quantity missing",IF(AND(ISNUMBER(P11),ISNUMBER(Q11),ISNUMBER(F11),ABS(N(Q11)-N(F11)*N(P11))>0.01*ABS(N(Q11))+0.5),"CHECK: FOB total differs from qty x FOB unit",IF(AND(ISNUMBER(T11),ISNUMBER(Q11),ABS(N(T11)-N(Q11)-N(R11)-N(S11))>0.01*ABS(N(T11))+0.5),"CHECK: CIF differs from FOB + insurance + freight",IF(AND(LEFT(X11,3)="Qty",ISNUMBER(V11),ABS(N(V11)-N(W11))>0.01*ABS(N(V11))+0.5),"CHECK: amount differs from qty x unit price",IF(ISNUMBER(W11),"OK",""))))))))) | AA11: Item | AB11: 1 | AC11: Word

Sheet Raw Tables
A1: Raw Tables - every table exactly as read (verbatim). Orange = low-confidence OCR.
A3: price_filled.docx | table 1 | page 1 | read by docx | recognised as: A Local | 5 line(s)
A4: S/No | B4: Description | C4: Qty | D4: Unit Price (Rs.) [Excluding Taxes] | E4: VAT (%) | F4: NBT (%) | G4: Other Taxes (%) [Pls. Specify] | H4: Unit Price (Rs.) [Including Taxes]
A5: 1 | B5: Supply, installation & commissioning of 60kVA online UPS including 3 year warranty | C5: 4 | D5: 2,450,000.00 | E5: 18 | F5: 2 | G5: - | H5: 2,948,820.00
A6: 2 | B6: Battery bank 12V 100Ah (set of 32 batteries) | C6: 2 | D6: 850,000.00 | E6: 18 | F6: 2 | G6: NIL | H6: 1,022,988.00
A7: 3 | B7: Installation and commissioning | C7: 1 | D7: Included | H7: Included
A8: 4 | B8: Training - 2 sessions | C8: 2 sessions | D8: 75,000.00 | E8: 18 | F8: 2 | H8: 90,270.00
B9: Total | H9: 14,021,796.00
A11: price_filled.docx | table 2 | page 1 | read by docx | recognised as: B Foreign | 2 line(s)
A12: S/No | B12: Description | C12: Qty | D12: Country of Origin | E12: FOB / FCA Unit Price | F12: FOB / FCA Total Cost | G12: Total Insurance | H12: Total Freight | I12: Total CIF /CIP Cost | J12: Local Agent's Commission
A13: 1 | B13: Static transfer switch 100A Model STS-100 (Vertiv) | C13: 2 | D13: Germany | E13: USD 12,500.00 | F13: USD 25,000.00 | G13: USD 450.00 | H13: USD 1,100.00 | I13: USD 26,550.00 | J13: USD 1,300.00
A14: 2 | B14: Spare parts kit - fans & capacitors | C14: 1 | D14: India | E14: 3,200.00 | F14: 3,200.00 | G14: 60.00 | H14: 240.00 | I14: 3,500.00 | J14: 150.00

Sheet Extraction Log
A1: Extraction Log
A3: File | B3: Read by | C3: Tables | D3: Item lines | E3: Notes
A4: price_filled.docx | B4: Word table | C4: 2 | D4: 6 | E4: Supplier name not found in the document - the file name is used; please correct it in the Summary sheet. Document remarks found: Note: Please avoid unnecessary terms All details shall be filled and submitted with the offer. Incomplete offers will be rejected.
